燃やさないごみ,ＩＨクッキングヒーター,,あ
燃やさないごみ,アイアン〔ゴルフクラブ〕,キャディバッグも出せます,あ
燃やさないごみ,アイスパック,,あ
燃やさないごみ,アイスピック,先の部分はガムテープなどで巻いてください,あ
燃やさないごみ,アイロン,,あ
燃やさないごみ,アイロン台,,あ
燃やさないごみ,アタッシュケース,,あ
燃やさないごみ,アルバム,金具やプラスチックの留め具がついているため「燃やさないごみ」,あ
燃やさないごみ,アルミホイル〔家庭用〕,,あ
燃やさないごみ,アンテナ〔家庭からでたもの、テレビ用〕,家庭で取り替えたもの。１ｍをこえるものは、有料事前予約制の「大型ごみ」,あ
燃やさないごみ,アンテナケーブル,,あ
燃やさないごみ,アンプ,,あ
燃やさないごみ,圧力なべ,,あ
燃やさないごみ,安全カミソリ,,あ
燃やさないごみ,安全ピン,,あ
燃やさないごみ,雨具〔カッパ〕,,あ
燃やさないごみ,雨傘,,あ
空カン,空カン,飲み物・食べ物以外のカンは、「燃やさないごみ」,あ
空ビン,空ビン,飲み物・食べ物以外のビンは、「燃やさないごみ」,あ
プラマーク製品,空ビンのふた（プラスチック製）,取りにくいものは、そのまま付けて「空ビン」,あ
燃やさないごみ,空ビンのふた（金属製）,,あ
燃やさないごみ,空箱（金属製・プラスチック製）,,あ
燃やすごみ,空箱（紙類）,自治会や子ども会で、回収している場合は、「集団回収」にご協力ください,あ
燃やさないごみ,行火〔あんか〕,,あ
燃やさないごみ,足踏み健康器具,,あ
燃やさないごみ,編み針・棒（金属製）,,あ
燃やすごみ,編み針・棒（木製）,,あ
燃やさないごみ,泡だて器〔電動・手動〕,,あ
燃やさないごみ,網(バーベキュー用など),,あ
燃やさないごみ,網戸の網〔網だけ〕,,あ
燃やすごみ,油（食用）【ごみステーションに出す場合】,紙などで吸い取るか、固形化してください,あ
燃やさないごみ,油絵,,あ
燃やすごみ,油紙,,あ
燃やさないごみ,いす,１ｍをこえるものは、有料事前予約制の「大型ごみ」,い
燃やさないごみ,インクカートリッジ,できるだけ販売店などに返却してください,い
燃やさないごみ,インクリボン,,い
燃やさないごみ,インターホン,,い
燃やさないごみ,インラインスケート,,い
燃やさないごみ,衣装ケース,１ｍをこえるものは、有料事前予約制の「大型ごみ」,い
燃やすごみ,衣類（チャックやボタンのないもの）,自治会や子ども会の「集団回収」にご協力ください,い
燃やさないごみ,衣類（チャックやボタン付、革製・ナイロン製のもの）,自治会や子ども会の「集団回収」にご協力ください,い
空ビン,一升瓶,できるだけ販売店などに返却してください,い
燃やさないごみ,一斗缶〔１８リットル〕,中身入りは収集できません,い
燃やさないごみ,一輪車（スポーツ用）,１ｍをこえるのものは、有料事前予約制の「大型ごみ」,い
燃やすごみ,印鑑（木製）,,い
燃やさないごみ,印鑑（木製以外）,,い
燃やすごみ,犬・猫のトイレ用砂,袋に「ペット用砂」と書いた貼り紙をしてください,い
燃やすごみ,犬フン,,い
燃やさないごみ,犬小屋,１ｍをこえるものは、有料事前予約制の「大型ごみ」,い
燃やさないごみ,糸のこぎり,,い
燃やすごみ,色鉛筆,,い
燃やさないごみ,鋳物鍋,,い
燃やさないごみ,入れ歯,,い
燃やさないごみ,板ガラス,１ｍをこえるものは、有料事前予約制の「大型ごみ」,い
燃やすごみ,板きれ【小さいもの】,厚さ２ｃｍ、幅１０ｃｍ、長さ５０ｃｍ以下のもの,い
燃やさないごみ,板きれ【大きいもの】,厚さ７ｃｍ、幅１ｍ、長さ１ｍ以下のもの（この基準より大きいものは収集できません）,い
燃やさないごみ,ウィッグ,,う
燃やさないごみ,ウインドファン,エアコン表示のあるものは「家電リサイクル」(1.購入店等に引き取りを依頼してください、2.個人で指定引取所へ搬入してください、3.家電回収協力店に回収を依頼してください),う
燃やさないごみ,ウインドブレーカー〔ナイロン製〕,,う
燃やさないごみ,ウエットスーツ,,う
燃やすごみ,ウエットティッシュ,,う
燃やさないごみ,うちわ（プラスチック製）,,う
燃やすごみ,うちわ（竹製）,,う
燃やさないごみ,ウッド〔ゴルフクラブ〕,,う
燃やさないごみ,ウレタン,,う
燃やさないごみ,羽毛ふとん,ひもでしばって出してください,う
燃やさないごみ,運動靴,,う
燃やすごみ,植木【小さいもの】,土は取り除いてください。太さ５ｃｍ以下のもので、長さ５０ｃｍ以下にして、ひもでしばって出してください,う
燃やさないごみ,植木【大きいもの】,土は取り除いてください。太さ５ｃｍをこえて７ｃｍ以下のもので、長さ１ｍ以下にして、ひもでしばって出してください。太さ７ｃｍをこえるものは収集できません。,う
燃やさないごみ,植木ばさみ,刃先はガムテープや新聞などで巻いてください,う
燃やさないごみ,植木鉢〔陶器製・プラスチック製〕,,う
燃やさないごみ,浮き輪,,う
燃やさないごみ,腕時計,「使用済小型家電」の「拠点回収」にご協力ください　,う
燃やさないごみ,ACアダプター,「使用済小型家電」の「拠点回収」にご協力ください,え
燃やさないごみ,SDカード,「使用済小型家電」の「拠点回収」にご協力ください　,え
燃やすごみ,エプロン（金属等がないもの）,自治会や子ども会の「集団回収」にご協力ください,え
燃やさないごみ,エプロン（金属等が付いているもの）,自治会や子ども会の「集団回収」にご協力ください,え
燃やさないごみ,延長コード,「使用済小型家電」の「拠点回収」にご協力ください　,え
燃やすごみ,鉛筆,,え
燃やさないごみ,鉛筆削り,,え
燃やさないごみ,塩ビパイプ〔家庭から出たもの〕,１回につき２本まで。１ｍ以下にしてください,え
燃やすごみ,絵の具〔中身〕,紙などに出して「燃やすごみ」,え
プラマーク製品,絵の具のチューブ（プラスチック製）,中身が残った状態のものは、「燃やすごみ」,え
燃やさないごみ,絵の具のチューブ（金属製）,中身は使い切ってください,え
燃やすごみ,枝（自家処理）【細いもの】,太さ５ｃｍ以下のもので、長さ５０ｃｍ以下にして、ひもでしばって出してください,え
燃やさないごみ,枝（自家処理）【太いもの】,太さ５ｃｍをこえて７ｃｍ以下のもので、長さ１ｍ以下にして、ひもでしばって出してください。太さ７ｃｍをこえるものは収集できません,え
燃やすごみ,オイル（食用）【ごみステーションに出す場合】,紙などで吸い取るか、固形化してください,お
燃やさないごみ,オイルヒーター,,お
燃やさないごみ,オーディオ,１ｍをこえるものは、有料事前予約制の「大型ごみ」,お
燃やさないごみ,オーブントースター,,お
燃やさないごみ,オーブンレンジ,,お
燃やさないごみ,おしゃぶり,,お
燃やさないごみ,おまる,きれいに洗って出してください,お
燃やすごみ,おむつ,汚物は取り除いてください,お
燃やさないごみ,おもちゃ（金属製）,,お
燃やすごみ,おもちゃ（木製）,,お
燃やさないごみ,おろしがね,,お
燃やさないごみ,お玉（金属製）,,お
燃やすごみ,お玉（木製）,,お
燃やさないごみ,押しピン〔画びょう〕,,お
燃やさないごみ,桶,,お
燃やさないごみ,温水洗浄機付便座(家庭から出たもの),家庭で取り替えたもの,お
燃やさないごみ,温度計(水銀使用以外),,お
燃やすごみ,帯,自治会や子ども会の「集団回収」にご協力ください,お
燃やさないごみ,置時計,「使用済小型家電」の「拠点回収」にご協力ください　,お
燃やすごみ,落ち葉,公園からのものは、『管理課』にお問合せください,お
燃やすごみ,ガーゼ,,か
燃やさないごみ,カーテン,,か
燃やさないごみ,カード(プラスチック製),,か
燃やすごみ,カード(紙製),,か
燃やさないごみ,カーナビ,「使用済小型家電」の「拠点回収」にご協力ください　,か
燃やさないごみ,カイロ〔使い捨て〕,,か
燃やさないごみ,ガスオーブン〔家庭用〕,,か
燃やさないごみ,ガスストーブ,,か
燃やさないごみ,ガスホース,,か
燃やさないごみ,ガスレンジ〔家庭用〕,,か
燃やさないごみ,ガス炊飯器,,か
燃やさないごみ,カセットコンロ,,か
燃やさないごみ,カセットテープ,,か
燃やさないごみ,カセットボンベ〔携帯用〕,「燃やさないごみ」の日に、無色透明・白色半透明の袋に入れ、「燃やさないごみ」と分けて出してください,か
燃やさないごみ,カッターナイフ,刃の部分はガムテープなどでまいてください,か
空ビン,カップ〔ガラス製の酒容器〕,簡単な水洗いをしてください。フタは「燃やさないごみ」,か
プラマーク製品,カップ麺の容器〔プラスチック製〕,簡単な水洗いをしてください。汚れがとれないものは、「燃やすごみ」,か
燃やすごみ,カップ麺の容器〔紙製〕,,か
燃やさないごみ,かつら,,か
燃やさないごみ,かなづち,,か
燃やさないごみ,かばん（革製・ビニール製など）,,か
燃やすごみ,かばん（紙製・布製）,,か
燃やさないごみ,カミソリ,刃の部分はガムテープなどでまいてください,か
燃やすごみ,ガムテープ,,か
燃やさないごみ,カメラ,「使用済小型家電」の「拠点回収」にご協力ください　,か
燃やさないごみ,カラーボックス,１ｍをこえるものは、有料事前予約制の「大型ごみ」,か
燃やさないごみ,ガラス〔板・戸〕,１ｍをこえるものは、有料事前予約制の「大型ごみ」,か
燃やさないごみ,ガラスコップ,,か
燃やさないごみ,ガラステーブル,１ｍをこえるものは、有料事前予約制の「大型ごみ」,か
燃やさないごみ,ガラスの破片,ガムテープなどでまいて「ガラス破片」と貼り紙をしてください,か
燃やさないごみ,カラス除けごみネット,「不用品」と貼り紙してください,か
燃やさないごみ,ガラス食器,,か
燃やすごみ,カレンダー,金属の部分は、「燃やさないごみ」,か
プラマーク製品,かんしょう材〔発泡スチロール〕,汚れているものは、「燃やすごみ」,か
燃やさないごみ,加湿器,,か
燃やさないごみ,家庭用ゲーム機,「使用済小型家電」の「拠点回収」にご協力ください　,か
燃やさないごみ,家庭用ゲーム機ソフト,,か
燃やさないごみ,花瓶〔金属製・陶器製〕,,か
プラマーク製品,菓子袋（プラスチック製）,汚れが取れないものは、「燃やすごみ」,か
燃やすごみ,菓子袋・箱（紙製）,自治会や子ども会の「集団回収」にご協力ください,か
燃やさないごみ,蚊帳,,か
燃やさないごみ,画びょう〔押しピン〕,,か
燃やさないごみ,懐中電灯,「使用済小型家電」の「拠点回収」にご協力ください　,か
燃やすごみ,貝殻,,か
燃やさないごみ,角材,太さ７ｃｍ、長さ１ｍ以下のもの。太さ７ｃｍをこえるものは収集できません,か
燃やさないごみ,革〔靴・ジャンバーその他、革製品〕,,か
燃やさないごみ,額縁（金属製）,,か
燃やすごみ,額縁（木製）,ガラスが付いているものは、「燃やさないごみ」,か
燃やさないごみ,掛け時計,「使用済小型家電」の「拠点回収」にご協力ください　,か
燃やさないごみ,掛け軸,紙だけなら、「燃やすごみ」,か
燃やさないごみ,鎌〔かま〕,刃の部分はガムテープなどでまいてください,か
燃やすごみ,刈り草,無色透明・白色半透明の袋に入れて出してください。公園からのものは、『管理課』にお問合せください,か
燃やさないごみ,乾燥機(ふとん・食器用),,か
燃やさないごみ,乾燥剤,,か
燃やさなさいゴミ,乾電池,「燃やさないごみ」の日に、無色透明・白色半透明の袋に入れ、「燃やさないごみ」と分けて出してください,か
燃やすごみ,感熱紙,,か
燃やさないごみ,換気扇〔家庭用〕,,か
空カン,缶,飲み物・食べ物以外のカンは、「燃やさないごみ」,か
燃やさないごみ,缶切り,,か
燃やさないごみ,亀の子たわし,,か
燃やさないごみ,鏡,１ｍをこえるものは、有料事前予約制の「大型ごみ」,か
燃やさないごみ,鍵,,か
燃やすごみ,枯れ葉,公園からのものは、『管理課』にお問合せください,か
燃やさないごみ,傘,,か
燃やすごみ,紙おむつ,汚物は取り除いてください,か
燃やすごみ,紙くず,,か
燃やすごみ,紙コップ,,か
ペットボトル・紙パック,紙パック〔牛乳パック〕,内側をコーティングしているものは「燃やさないごみ」,か
燃やすごみ,紙粘土,,か
燃やさないごみ,買い物袋(ビニール製),,か
燃やすごみ,買い物袋(紙製・布製),,か
プラマーク製品,買い物袋〔レジ袋〕,汚れているものは、「燃やすごみ」,か
燃やすごみ,髪の毛,,か
燃やさないごみ,壁紙〔家庭から出たもの〕,家庭で張り替えしたもの。事業系は出せません,か
燃やさないごみ,キーボード（パソコン部品）,「使用済小型家電」の「拠点回収」にご協力ください　,き
燃やさないごみ,キーボード（楽器）,１ｍをこえるものは、有料事前予約制の「大型ごみ」,き
燃やさないごみ,キーホルダー,,き
燃やすごみ,キッチンペーパー・タオル,,き
燃やさないごみ,キッチンマット,ひもでしばって出してください,き
プラマーク製品,キャップ（プラスチック製）,汚れているものは、「燃やすごみ」,き
燃やさないごみ,キャップ（金属製）,,き
燃やさないごみ,キャンプ用品〔テント・テーブル・イス・コンロなど〕,１ｍをこえるものは、有料事前予約制の「大型ごみ」,き
燃やさないごみ,キルティングマット,,き
燃やさないごみ,急須〔金属製・陶器製〕,,き
燃やさないごみ,給湯器,小型で家庭で交換したもの。大型のものは販売店などに引き取りを依頼してください,き
ペットボトル・紙パック,牛乳パック〔紙パック〕,内側をコーティングしているものは「燃やさないごみ」,き
空ビン,牛乳ビン,出来るだけ販売店などに返却してください,き
燃やさないごみ,金魚鉢,,き
燃やさないごみ,金庫(手提げ・家庭用),,き
燃やさないごみ,金属バット,,き
燃やさないごみ,錐〔きり〕,先の部分はガムテープなどでまいてください,き
燃やすごみ,木づち,,き
燃やすごみ,木の枝【細いもの】,太さ５ｃｍ以下のもので、長さ５０ｃｍ以下にして、ひもでしばって出してください。公園からのものは、『管理課』にお問合せください,き
燃やさないごみ,木の枝【太いもの】,太さ５ｃｍをこえて７ｃｍ以下のもので、長さ１ｍ以下にして、ひもでしばって出してください。太さ７ｃｍをこえるものは収集できません。公園からのものは、『管理課』にお問合せください,き
燃やさないごみ,クーラーボックス,,く
燃やさないごみ,くし（金属製・プラスチック製）,,く
燃やすごみ,くし（木製）,,く
燃やさないごみ,クッキングヒーター,,く
燃やさないごみ,クッション,,く
燃やさないごみ,クリアファイル,,く
燃やさないごみ,クリーニングの袋,,く
燃やさないごみ,クレジットカード,,く
燃やすごみ,クレヨン,,く
燃やさないごみ,グローブ,,く
燃やさないごみ,グローランプ〔球〕,,く
燃やさないごみ,空気清浄器,１ｍをこえるものは、有料事前予約制の「大型ごみ」,く
燃やさないごみ,空気入れ〔手押し式〕,コンプレッサー式のものは、販売店などに引き取りを依頼してください,く
燃やさないごみ,串（金属製）,先の部分はガムテープなどでまいてください,く
燃やすごみ,串（竹製・木製）,先の部分はガムテープなどでまいてください,く
燃やさないごみ,靴〔すべての材質〕,,く
燃やさないごみ,靴べら〔金属製・プラスチック製〕,,く
燃やすごみ,靴下,,く
燃やすごみ,軍手,,く
燃やさないごみ,口紅〔金属製・プラスチック製〕,,く
燃やさないごみ,鎖（くさり）,,く
燃やさないごみ,車のシートカバー,,く
燃やすごみ,草（草花）,土は取り除いてください。公園からのものは、『管理課』にお問合せください,く
燃やさないごみ,草刈り鎌,刃の部分はガムテープなどでまいてください,く
燃やさないごみ,釘〔くぎ〕,,く
燃やさないごみ,釘抜き,,く
燃やさないごみ,薬のシート,,く
空ビン,薬のビン,フタは「燃やさないごみ」,く
燃やさないごみ,ゲージ〔金属製〕,,け
燃やさないごみ,ケーブル,「使用済小型家電」の「拠点回収」にご協力ください　,け
燃やさないごみ,ゲーム機,電子的なものは「使用済小型家電」の「拠点回収」にご協力ください　,け
燃やすごみ,下駄,,け
燃やさないごみ,化粧品（ガラス製）,"中身を使い切って,「燃やさないごみ」に出してください",け
プラマーク製品,化粧品（プラスチック製）,"中身を使い切って,簡単な水洗いをしてください。中身が残っているものは、「燃やすごみ」",け
燃やさないごみ,携帯カイロ,,け
燃やさないごみ,携帯ゲーム機,電子的なものは「使用済小型家電」の「拠点回収」にご協力ください　,け
燃やさないごみ,携帯電話〔本体・充電器〕,「使用済小型家電」の「拠点回収」にご協力ください　,け
燃やさないごみ,蛍光灯【ごみステーションに出す場合】,購入したケースに入れ、なければ新聞等で包んでください,け
燃やさないごみ,血圧計(電子式),電子血圧計は「使用済小型家電」の「拠点回収」にご協力ください,け
燃やさないごみ,剣山,,け
燃やさないごみ,玄関マット,,け
燃やさないごみ,消しゴム,,け
燃やすごみ,毛糸〔セーター・マフラー〕,,け
燃やさないごみ,毛皮製品,,け
燃やさないごみ,ゴーグル,,こ
燃やさないごみ,コード,「使用済小型家電」の「拠点回収」にご協力ください　,こ
燃やさないごみ,コーヒーメーカー,,こ
燃やさないごみ,ござ（わら製・いぐさ製・ビニール製など）,ひもでしばって出してください,こ
燃やさないごみ,こたつふとん,ひもでしばって出してください,こ
燃やさないごみ,コップ（ガラス製・金属製・プラスチック製）,,こ
燃やすごみ,コップ（紙製・木製）,,こ
燃やさないごみ,ごみペール,「不用品」と貼り紙をしてください,こ
燃やさないごみ,ゴムホース,,こ
燃やさないごみ,ゴム手袋,,こ
燃やすごみ,コルク,,こ
燃やさないごみ,ゴルフクラブ,,こ
燃やさないごみ,ゴルフバッグ,,こ
燃やさないごみ,ゴルフボール,,こ
燃やさないごみ,コンセント,,こ
燃やさないごみ,コンポ,,こ
燃やさないごみ,コンロ,,こ
燃やさないごみ,碁石,,こ
燃やさないごみ,鯉のぼり,ポールは、お問合せください,こ
燃やさないごみ,工具類〔家庭用〕,業務用工具は出せません,こ
燃やさないごみ,氷まくら,,こ
燃やすごみ,米袋(紙製),,こ
燃やさないごみ,サッカーボール,,さ
燃やさないごみ,ざる（プラスチック製・金属製）,,さ
燃やすごみ,ざる（竹製）,,さ
燃やさないごみ,サングラス,,さ
燃やさないごみ,サンダル,,さ
燃やさないごみ,座椅子,１ｍをこえるものは、有料事前予約制の「大型ごみ」,さ
燃やさないごみ,座布団,,さ
燃やすごみ,座敷ほうき,「不用品」と貼り紙をしてください,さ
燃やさないごみ,殺虫剤スプレー缶,「燃やさないごみ」の日に、中身を使い切って無色透明・白色半透明の袋に入れ、「燃やさないごみ」と分けて出してください,さ
燃やさないごみ,皿（金属製・陶磁器類）,,さ
燃やすごみ,皿（紙製・木製）,,さ
燃やさないごみ,三角コーナー〔プラスチック・金属製〕,,さ
燃やさないごみ,三輪車,,さ
燃やすごみ,残飯,,さ
プラマーク製品,刺身のトレイ,簡単な水洗いをしてください。汚れがとれないものは、「燃やすごみ」,さ
燃やさないごみ,酒パック,,さ
燃やさないごみ,ＣＤケース,,し
燃やさないごみ,ＣＤディスク,,し
燃やさないごみ,ＣＤプレーヤー,「使用済小型家電」の「拠点回収」にご協力ください　,し
燃やさないごみ,ＣＤラジカセ,「使用済小型家電」の「拠点回収」にご協力ください　,し
燃やさないごみ,シーツ,,し
燃やさないごみ,シートカバー〔車・バイク用〕,ひもでしばってください,し
燃やすごみ,シップ薬,,し
燃やさないごみ,シャープペンシル,,し
燃やさないごみ,シャベル,,し
燃やさないごみ,しゃもじ（プラスチック製）,,し
燃やすごみ,しゃもじ（木製）,,し
燃やさないごみ,ジャンバー,,し
プラマーク製品,シャンプーの容器,中身を使い切り、水ですすいで出してください。汚れが取れないものは、「燃やすごみ」,し
燃やさないごみ,ジューサーミキサー,,し
燃やさないごみ,シュレッダー〔家庭用〕,,し
燃やすごみ,シュレッダーくず,ＣＤ・ＤＶＤディスクやプラスチックカードなど紙以外は「燃やさないごみ」,し
燃やさないごみ,じょうご,,し
燃やさないごみ,ジョウロ,,し
燃やすごみ,下着,,し
燃やさないごみ,磁気マットレス・ふとん,ひもでしばってください,し
燃やさないごみ,磁石,,し
燃やさないごみ,七輪,,し
燃やさないごみ,漆器,,し
燃やすごみ,写真,,し
燃やさないごみ,収納ケース,１ｍをこえるものは、有料事前予約制の「大型ごみ」,し
燃やさないごみ,充電器〔家庭用〕,「使用済小型家電」の「拠点回収」にご協力ください　,し
燃やさないごみ,瞬間湯沸かし器〔家庭用〕,小型のみ。大型は販売店などに引き取りを依頼してください,し
燃やさないごみ,除湿機,,し
燃やさないごみ,除湿剤,,し
燃やさないごみ,将棋の駒（プラスチック製）,,し
燃やすごみ,将棋の駒（木製）,,し
燃やさないごみ,将棋盤,,し
燃やさないごみ,消臭剤,,し
燃やさないごみ,照明器具,１ｍをこえるものは、有料事前予約制の「大型ごみ」,し
燃やさないごみ,浄水器〔本体・カートリッジ〕,,し
燃やさないごみ,錠剤のシート,,し
燃やさないごみ,食器洗い機・食器乾燥機,,し
燃やすごみ,食用油【ごみステーションに出す場合】,紙などで吸い取るか、固形化してください,し
燃やさないごみ,地下足袋,,し
燃やさないごみ,竹刀,,し
燃やさないごみ,定規（金属製・プラスチック製）,,し
燃やすごみ,定規（木製）,,し
燃やさないごみ,スーツ,自治会や子ども会の「集団回収」にご協力ください,す
燃やさないごみ,スーツケース,１ｍをこえるものは、有料事前予約制の「大型ごみ」,す
プラマーク製品,スーパーの袋〔レジ袋・ポリ袋〕,汚れているものは、「燃やすごみ」,す
燃やすごみ,スカーフ,,す
燃やさないごみ,スキーウエア,,す
燃やさないごみ,スキー靴,,す
燃やさないごみ,スキー手袋,,す
燃やさないごみ,スキャナー〔家庭用〕,,す
燃やさないごみ,スケートボード,,す
燃やさないごみ,スケート靴,,す
燃やすごみ,スケッチブック,,す
燃やさないごみ,スコップ,,す
燃やさないごみ,すだれ,１ｍをこえるものは、有料事前予約制の「大型ごみ」,す
燃やさないごみ,スタンド〔電気スタンド〕,,す
燃やさないごみ,スタンプ台,,す
燃やさないごみ,スチーム・オーブンレンジ,,す
燃やさないごみ,ステッキ〔つえ〕,,す
燃やさないごみ,ステレオ,１ｍをこえるもの（セパレート型）は、有料事前予約制の「大型ごみ」,す
燃やさないごみ,ストーブ,石油ストーブの場合は、灯油を抜いておいてください,す
燃やさないごみ,ストッキング,,す
燃やさないごみ,スニーカー,,す
燃やさないごみ,すのこ,１ｍをこえるものは、有料事前予約制の「大型ごみ」,す
燃やさないごみ,スパイクシューズ,,す
燃やさないごみ,スパナ,,す
燃やさないごみ,スピーカー,１ｍをこえるものは、有料事前予約制の「大型ごみ」,す
燃やすごみ,スプーン（木製）,,す
燃やさないごみ,スプーン（木製以外）,,す
燃やさないごみ,スプレー缶,「燃やさないごみ」の日に、中身を使い切って無色透明・白色半透明の袋に入れ、「燃やさないごみ」と分けて出してください,す
燃やさないごみ,スポーツバッグ,,す
燃やさないごみ,スポンジ,,す
燃やさないごみ,ズボンプレッサー,１ｍをこえるものは、有料事前予約制の「大型ごみ」,す
燃やさないごみ,スリッパ,,す
燃やさないごみ,すり鉢,,す
燃やすごみ,吸い殻,,す
燃やさないごみ,硯〔すずり〕,,す
燃やさないごみ,水槽,１ｍをこえるものは、有料事前予約制の「大型ごみ」,す
燃やさないごみ,水中メガネ,,す
燃やさないごみ,水筒,,す
燃やさないごみ,炊飯器,,す
燃やすごみ,炭,,す
燃やすごみ,墨,液状のものは布等に染み込ませ「燃やすごみ」に出してください,す
燃やすごみ,せっけん,,せ
燃やさないごみ,せともの,,せ
燃やすごみ,生理用品,,せ
燃やさないごみ,石油ストーブ・ファンヒーター,灯油は抜いておいてください,せ
燃やさないごみ,石油ポンプ,乾電池は抜いておいてください,せ
燃やさないごみ,石油缶,灯油は抜いておいてください,せ
燃やすごみ,接着剤〔中身〕,古布や紙に吸わせる,せ
プラマーク製品,接着剤の容器（プラスチック製）,中身が固まったりして残っているものは、「燃やすごみ」,せ
燃やさないごみ,接着剤の容器（金属製）,,せ
燃やすごみ,扇子（木・竹製）,,せ
燃やさないごみ,扇子（木・竹製以外）,,せ
燃やさないごみ,扇風機,１ｍをこえるものは、有料事前予約制の「大型ごみ」,せ
燃やさないごみ,栓抜き,,せ
プラマーク製品,洗剤容器（プラスチック製）,簡単な水洗いをしてください。汚れが取れないものは、「燃やすごみ」,せ
燃やすごみ,洗剤容器（紙製）,,せ
燃やさないごみ,洗濯バサミ,,せ
燃やすごみ,洗面器（木製）,,せ
燃やさないごみ,洗面器（木製以外）,,せ
燃やさないごみ,洗面台(家庭で交換したもの),１ｍをこえるものは、有料事前予約制の「大型ごみ」,せ
燃やすごみ,剪定枝【細いもの】,太さ５ｃｍ以下のもので、長さ５０ｃｍ以下にして、ひもでしばって出してください,せ
燃やさないごみ,剪定枝【太いもの】,太さ５ｃｍをこえて７ｃｍ以下のもので、長さ１ｍ以下にして、ひもでしばって出してください。太さ７ｃｍをこえるものは収集できません,せ
燃やすごみ,ぞうきん,,そ
燃やさないごみ,ぞうり,,そ
燃やすごみ,そろばん（木製）,,そ
燃やさないごみ,そろばん（木製以外）,,そ
燃やさないごみ,双眼鏡,,そ
燃やさないごみ,掃除機,,そ
燃やさないごみ,造花,,そ
燃やさないごみ,タイプライター,,た
燃やさないごみ,タイヤ(自転車・一輪車),,た
燃やさないごみ,タイヤチェーン（金属製以外）,,た
燃やさないごみ,タイヤホイール(自転車・一輪車),,た
燃やさないごみ,ダウンジャケット,,た
燃やすごみ,タオル類,,た
燃やさないごみ,タッパー,,た
プラマーク製品,たまごのパック,簡単な水洗いで、汚れが取れないものは、「燃やすごみ」,た
燃やさないごみ,たらい,,た
燃やさないごみ,たわし,,た
燃やさないごみ,ダンベル,,た
燃やさないごみ,体温計（デジタル）,「使用済小型家電」の「拠点回収」にご協力ください　,た
燃やさないごみ,体重計,,た
燃やさないごみ,耐熱食器,,た
燃やさないごみ,脱臭剤,,た
燃やすごみ,竹,太さ５ｃｍ以下のもので、長さ５０ｃｍ以下にして、ひもでしばって出してください。太さ５ｃｍ以上のものは、縦に割って太さ５ｃｍ以下にしてください。,た
燃やさないごみ,竹ぼうき,「不用品」と貼り紙をしてください,た
燃やさないごみ,チャイルドシート,,ち
燃やすごみ,チリ紙,,ち
燃やさないごみ,地球儀,,ち
燃やすごみ,茶殻,,ち
燃やさないごみ,茶器,,ち
燃やさないごみ,茶碗,,ち
燃やさないごみ,彫刻刀,刃先は、ガムテープや新聞紙で巻いてください,ち
空カン,調味料のカン,簡単な水洗いで、汚れが取れないものは、「燃やさないごみ」,ち
空ビン,調味料のビン,簡単な水洗いで、汚れが取れないものは、「燃やさないごみ」,ち
プラマーク製品,調味料の容器（プラスチック製）,簡単な水洗いで、汚れが取れないものは、「燃やすごみ」,ち
燃やすごみ,調味料の容器（紙製）,,ち
燃やさないごみ,つえ〔ステッキ〕,,つ
燃やさないごみ,つめ切り,,つ
燃やさないごみ,使い捨てライター,「燃やさないごみ」の日に、中身を使い切り、無色透明・白色半透明の袋に入れ「燃やさないごみ」と分けて出してください,つ
燃やさないごみ,積み木（プラスチック製）,,つ
燃やすごみ,積み木（木製）,,つ
燃やさないごみ,釣り竿,,つ
燃やさないごみ,釣り糸,,つ
燃やさないごみ,釣り針,ガムテープ等で巻いてください,つ
燃やさないごみ,壺,,つ
燃やさないごみ,ＤＶＤディスク,,て
燃やさないごみ,ＤＶＤプレイヤー,「使用済小型家電」の「拠点回収」にご協力ください　,て
燃やすごみ,Ｔシャツ,自治会や子ども会の「集団回収」にご協力ください,て
燃やすごみ,ティッシュ,,て
燃やさないごみ,テーブルクロス,,て
燃やさないごみ,テープレコーダー,「使用済小型家電」の「拠点回収」にご協力ください　,て
燃やさないごみ,デジタルカメラ,「使用済小型家電」の「拠点回収」にご協力ください　,て
燃やさないごみ,デジタルビデオカメラ,「使用済小型家電」の「拠点回収」にご協力ください　,て
燃やさないごみ,デスクマット,,て
燃やさないごみ,テニスボール,,て
燃やさないごみ,テニスラケット,,て
燃やさないごみ,テレビゲーム機,「使用済小型家電」の「拠点回収」にご協力ください　,て
燃やさないごみ,テレビ台,１ｍをこえるものは、有料事前予約制の「大型ごみ」,て
燃やさないごみ,テレホンカード,,て
燃やさないごみ,テント,１ｍをこえるものは、有料事前予約制の「大型ごみ」,て
燃やさないごみ,手袋（革・ビニール製）,,て
燃やすごみ,手袋（布・毛糸製）,,て
燃やさないごみ,定期券,,て
燃やさないごみ,鉄アレイ,,て
燃やさないごみ,鉄板(バーベキュー用),,て
燃やさないごみ,天体望遠鏡,１ｍをこえるものは、有料事前予約制の「大型ごみ」,て
燃やさないごみ,電気かみそり機,「使用済小型家電」の「拠点回収」にご協力ください　,て
燃やさないごみ,電気スタンド,,て
燃やさないごみ,電気ストーブ,,て
燃やさないごみ,電気ポット,,て
燃やさないごみ,電気毛布,,て
燃やさないごみ,電球,,て
燃やさないごみ,電子レンジ,,て
燃やさないごみ,電子辞書,「使用済小型家電」の「拠点回収」にご協力ください　,て
燃やさないごみ,電子体温計,「使用済小型家電」の「拠点回収」にご協力ください　,て
燃やさないごみ,電線〔延長コード〕,「使用済小型家電」の「拠点回収」にご協力ください　,て
燃やさないごみ,電卓,「使用済小型家電」の「拠点回収」にご協力ください　,て
燃やさなさいゴミ,電池（ボタン型）【水銀を含まないもの：型式記号ＢＲ、ＣＲ】,「燃やさないごみ」の日に、無色透明・白色半透明の袋に入れ、「燃やさないごみ」と分けて出してください,て
燃やさなさいゴミ,電池（乾電池）,「燃やさないごみ」の日に、無色透明・白色半透明の袋に入れ、「燃やさないごみ」と分けて出してください,て
燃やさないごみ,電灯,,て
燃やさないごみ,電動ミシン,足踏み式は、事前有料予約制の「大型ごみ」,て
燃やさないごみ,電話機,「使用済小型家電」の「拠点回収」にご協力ください　,て
燃やさないごみ,とい〔とゆ〕〔家庭から出たもの〕,１回に２個まで。１ｍ以下にしてください,と
燃やさないごみ,といし〔砥石〕,,と
燃やすごみ,トイレットペーパー,,と
燃やさないごみ,トースター,,と
燃やさないごみ,トタン〔家庭から出たもの〕,１回に２枚まで。１ｍ以下にして、ひもでしばってください,と
燃やさないごみ,どびん,,と
燃やさないごみ,ドライバー〔ゴルフ〕,,と
燃やさないごみ,ドライバー〔工具〕,,と
燃やさないごみ,ドライヤー〔家庭用〕,「使用済小型家電」の「拠点回収」にご協力ください　,と
燃やさないごみ,トランシーバー,「使用済小型家電」の「拠点回収」にご協力ください　,と
空ビン,ドリンク剤のビン,簡単な水洗いをしてください。フタは「燃やさないごみ」,と
プラマーク製品,トレイ〔食品用の容器等〕,簡単な水洗いをしてください。よごれがとれないものは、「燃やすごみ」,と
燃やさないごみ,ドレッサー〔鏡台〕,１ｍをこえるものは、有料事前予約制の「大型ごみ」,と
空ビン,ドレッシングの容器（ガラス製）,簡単な水洗いをしてください。よごれがとれないものは、「燃やさないごみ」,と
プラマーク製品,ドレッシングの容器（プラスチック製）,簡単な水洗いをしてください。よごれがとれないものは、「燃やすごみ」,と
ペットボトル・紙パック,ドレッシングの容器（ペットボトル）,簡単な水洗いをしてください。よごれがとれないものは、「燃やさないごみ」,と
燃やさないごみ,時計,電池は取り除いてください。「使用済小型家電」の「拠点回収」にご協力ください　,と
燃やさないごみ,鳥カゴ,,と
燃やすごみ,塗料〔中身〕,古布・古新聞にしみこませて、「燃やすごみ」,と
燃やさないごみ,塗料カン（中身なし）,中身入りは、収集できません,と
燃やさないごみ,土鍋,,と
燃やさないごみ,灯油タンク〔ポリ製・一斗缶〕,灯油が入っている場合は、収集できません,と
燃やさないごみ,陶磁器類,,と
燃やすごみ,動物のふん,,と
燃やさないごみ,徳利,,と
燃やさないごみ,籐いす,１ｍをこえるものは、有料事前予約制の「大型ごみ」,と
燃やさないごみ,ナイフ,ガムテープや新聞等で巻いてください,な
燃やすごみ,生ごみ,,な
燃やさないごみ,生ごみ処理機〔電気式〕,,な
燃やさないごみ,長靴,,な
燃やさないごみ,鍋,,な
プラマーク製品,納豆容器,簡単な水洗いをしてください。よごれがとれないものは、「燃やすごみ」,な
燃やさないごみ,波板〔家庭から出たもの〕,１回に２枚まで。１ｍ以下にして、ひもでしばってください,な
プラマーク製品,苗ポット〔やわらかいもの〕,簡単な水洗いをしてください。よごれがとれないものは、「燃やすごみ」,な
燃やさないごみ,荷造りひも(ビニール製),,に
燃やすごみ,荷造りひも(麻ひも),,に
燃やさないごみ,人形〔木・陶器・プラスチック製〕,,に
燃やさないごみ,人形ケース〔ガラス製〕,１ｍをこえるものは、有料事前予約制の「大型ごみ」,に
燃やさないごみ,ぬいぐるみ,,ぬ
燃やさないごみ,ぬい針,ガムテープなどで巻いてください,ぬ
燃やすごみ,ぬか,,ぬ
燃やすごみ,布,自治会や子ども会の「集団回収」にご協力ください,ぬ
燃やさないごみ,ネガ,,ね
燃やすごみ,ネクタイ,,ね
燃やさないごみ,ネクタイピン,,ね
燃やすごみ,ねこ砂,「ペット用砂」と貼り紙してください,ね
燃やさないごみ,ネジ,,ね
燃やさないごみ,ねんど（固まっているもの）,,ね
燃やすごみ,ねんど（軟らかいもの、紙粘土）,,ね
燃やさないごみ,寝袋,,ね
燃やさないごみ,のこぎり,刃先はガムテープや新聞などで巻いてください,の
空ビン,飲み薬のビン,フタは「燃やさないごみ」,の
燃やさないごみ,バーベル,１ｍをこえるものは、有料事前予約制の「大型ごみ」,は
燃やさないごみ,ハーモニカ,,は
燃やさないごみ,パイプイス,１ｍをこえるものは、有料事前予約制の「大型ごみ」,は
燃やさないごみ,バインダー〔事務用品等〕,,は
燃やすごみ,ハガキ,,は
燃やさないごみ,バケツ〔金属・プラスチック製〕,「不用品」と貼り紙をしてください,は
燃やさないごみ,はさみ,,は
燃やさないごみ,はし（プラスチック製）,,は
燃やすごみ,はし（木・竹製）,,は
燃やさないごみ,バスケットボール,,は
燃やさないごみ,パチンコ台,１ｍをこえるものは、有料事前予約制の「大型ごみ」,は
燃やさないごみ,バット〔木・金属製〕,,は
燃やさないごみ,バレーボール,,は
燃やさないごみ,パレット（絵画用）,,は
燃やさないごみ,ハロゲンヒーター,,は
燃やさないごみ,ハンガー,,は
燃やすごみ,はんこ（木製）,,は
燃やさないごみ,はんこ（木製以外）,,は
燃やさないごみ,ハンマー,,は
燃やさないごみ,パン焼き器,,は
燃やさないごみ,羽ふとん,ひもでしばってください,は
燃やすごみ,花火,充分水に浸して出してください,は
燃やさないごみ,灰皿〔金属・陶器製〕,,は
燃やさないごみ,歯ブラシ,,は
プラマーク製品,歯磨きチューブ〔ビニール製〕,汚れが取れないものは、「燃やすごみ」,は
燃やさないごみ,針,ガムテープなどで巻いてください,は
燃やさないごみ,針金,,は
燃やさないごみ,刃物,刃先はガムテープや新聞などで巻いてください,は
燃やさないごみ,柱時計,,は
燃やすごみ,廃油（食用）【ごみステーションに出す場合】,紙や古布で吸い取るか、固形化してください,は
燃やさないごみ,鉢,,は
プラマーク製品,発泡スチロール,簡単な水洗いで、よごれが取れないものは「燃やすごみ」,は
燃やすごみ,半紙,,は
燃やさないごみ,飯ごう,,は
燃やさないごみ,ビーチパラソル,１ｍをこえるものは、有料事前予約制の「大型ごみ」,ひ
燃やさないごみ,ビールのふた,,ひ
空ビン,ビールビン,販売店に返却してください,ひ
燃やさないごみ,ビー玉,,ひ
燃やさないごみ,ひげそり〔カミソリ〕,ガムテープなどで巻いてください,ひ
燃やさないごみ,ひげそり機〔電動式〕,「使用済小型家電」の「拠点回収」にご協力ください,ひ
燃やさないごみ,ビデオカメラ,「使用済小型家電」の「拠点回収」にご協力ください,ひ
燃やさないごみ,ビデオテープ,,ひ
燃やさないごみ,ビデオデッキ,「使用済小型家電」の「拠点回収」にご協力ください,ひ
燃やさないごみ,ビニールカッパ,,ひ
燃やさないごみ,ビニールシート〔家庭用〕,,ひ
燃やさないごみ,ビニール傘,,ひ
燃やさないごみ,ビニール風呂敷,,ひ
空ビン,ビン,食べ物・飲み物以外のビンは、「燃やさないごみ」,ひ
燃やさないごみ,ビンのフタ,,ひ
燃やさないごみ,火箸,,ひ
燃やさないごみ,氷のう,,ひ
燃やすごみ,便せん,,ひ
燃やさないごみ,ファスナー,,ふ
燃やさないごみ,ファックス・ＦＡＸ〔家庭用〕,「使用済小型家電」の「拠点回収」にご協力ください,ふ
燃やさないごみ,ファンヒーター,灯油は抜いておいてください,ふ
燃やさないごみ,フィルム〔ネガ〕,,ふ
燃やさないごみ,ブーツ,,ふ
燃やさないごみ,フードプロセッサ,,ふ
燃やさないごみ,フォーク〔金属・プラスチック製〕,,ふ
燃やすごみ,ブックエンド（木製）,,ふ
燃やさないごみ,ブックエンド（木製以外）,,ふ
燃やさないごみ,ふとん,折りたたんで、ひもでしばってください,ふ
燃やさないごみ,ふとん乾燥機,,ふ
燃やさないごみ,フライパン,,ふ
燃やさないごみ,プラモデル,,ふ
燃やさないごみ,フラワーポット,,ふ
燃やさないごみ,プランター,プランター内の土は収集できません,ふ
燃やさないごみ,プリンター〔家庭用インクジェット式〕,業務用は収集できません。　　　　,ふ
燃やさないごみ,ブルーシート〔家庭用〕,折りたたんで、ひもでしばってください,ふ
燃やさないごみ,フロッピーディスク,,ふ
燃やすごみ,フン〔ペットのもの〕,,ふ
燃やすごみ,筆〔木製〕,,ふ
燃やさないごみ,筆ペン,,ふ
燃やすごみ,封筒,,ふ
燃やさないごみ,風鈴〔陶器・ガラス製〕,,ふ
燃やさないごみ,風呂ふた,,ふ
燃やさないごみ,風呂マット,,ふ
燃やさないごみ,分度器,,ふ
燃やさないごみ,文鎮,,ふ
燃やさないごみ,ヘアーブラシ,,へ
燃やすごみ,ペットのフン,,へ
ペットボトル・紙パック,ペットボトル〔ボトル本体〕,キャップとラベルを取り外し、できるだけつぶして出してください。汚れているものは、「燃やさないごみ」,へ
プラマーク製品,ペットボトルのふた,,へ
プラマーク製品,ペットボトルのラベル,,へ
燃やさないごみ,ヘッドホン,「使用済小型家電」の「拠点回収」にご協力ください,へ
燃やさないごみ,ベッドマット（畳めるもの）,折りたたんで、ひもでしばってください,へ
燃やさないごみ,ベビーイス,,へ
燃やさないごみ,ベビーカー,,へ
燃やさないごみ,ベビーバス,,へ
燃やさないごみ,ベビーふとん,,へ
燃やさないごみ,ベビーラック,１ｍをこえるものは、有料事前予約制の「大型ごみ」,へ
燃やさないごみ,ヘルスメーター,,へ
燃やさないごみ,ベルト〔ズボン用〕,,へ
燃やさないごみ,ヘルメット,,へ
燃やさないごみ,ペン,,へ
燃やすごみ,ペンキ〔中身〕,古布・古新聞にしみこませて、「燃やすごみ」,へ
燃やさないごみ,ペンキカン（中身なし）,中身入りは、収集できません,へ
燃やさないごみ,便器〔家庭から出たもの〕,家庭で取り替えたもの,へ
燃やさないごみ,便座〔家庭から出たもの〕,家庭で取り替えたもの（温水洗浄便座も可）,へ
燃やさないごみ,弁当箱,,へ
燃やさないごみ,ほうき,「不用品」と貼り紙をしてください,ほ
燃やすごみ,ボウル（木製）,,ほ
燃やさないごみ,ボウル（木製以外）,,ほ
燃やさないごみ,ホース類,,ほ
燃やさないごみ,ポータブルトイレ,汚物は取り除いてください。１ｍをこえるものは有料事前予約制の「大型ごみ」,ほ
燃やさないごみ,ポータブルミシン,足踏み式ミシンは、有料事前予約制の「大型ごみ」,ほ
燃やさないごみ,ボーリングの玉,,ほ
燃やさないごみ,ボール（スポーツ用）,,ほ
燃やさないごみ,ボールペン,,ほ
燃やさないごみ,ホーローなべ,,ほ
燃やさないごみ,ボタン（金属製）,,ほ
燃やすごみ,ボタン（木・貝製）,,ほ
燃やさなさいゴミ,ボタン電池【水銀を含まないもの：型式記号ＢＲ、ＣＲ】,「燃やさないごみ」の日に、無色透明・白色半透明の袋に入れ、「燃やさないごみ」と分けて出してください,ほ
燃やさないごみ,ホッチキス,,ほ
燃やさないごみ,ホッチキスの針,,ほ
燃やさないごみ,ポット〔魔法瓶〕,,ほ
燃やさないごみ,ホットカーペット,１mまでにたたんで、ひもでしばってください,ほ
燃やさないごみ,ホットプレート,,ほ
燃やさないごみ,ポリタンク〔２０リットル以下〕,中身入りは、収集できません,ほ
燃やさないごみ,ポリバケツ,「不用品」と貼り紙をしてください,ほ
プラマーク製品,ポリ袋,,ほ
燃やさないごみ,ほ乳ビン,,ほ
燃やさないごみ,保冷剤,,ほ
燃やさないごみ,補聴器,「使用済小型家電」の「拠点回収」にご協力ください,ほ
燃やすごみ,包装紙,,ほ
燃やさないごみ,包丁,ガムテープや新聞等で巻いてください,ほ
燃やさないごみ,包丁研ぎ器,,ほ
燃やすごみ,帽子,,ほ
燃やさないごみ,望遠鏡,１ｍをこえるものは、有料事前予約制の「大型ごみ」,ほ
燃やさないごみ,防具〔剣道など〕,,ほ
プラマーク製品,マーガリンの容器,汚れが取れないものは、「燃やすごみ」,ま
燃やさないごみ,マイク,,ま
燃やさないごみ,マウス〔パソコン用〕,「使用済小型家電」の「拠点回収」にご協力ください,ま
燃やさないごみ,マグネット〔磁石〕,,ま
燃やすごみ,まくら（そばがら・藤製）,,ま
燃やさないごみ,まくら（上記以外）,,ま
燃やさないごみ,マジックペン,,ま
燃やすごみ,マスク,金属が使用されていますが、衛生上「燃やすごみ」に出してください,ま
燃やさないごみ,マットレス,ひもでしばってください　（スプリング入りや折りたたんでコンパクトにできないものは有料事前予約制の「大型ごみ」）,ま
燃やさないごみ,まな板（プラスチック製）,,ま
燃やすごみ,まな板（木製）,,ま
プラマーク製品,マヨネーズチューブ,簡単な水洗いで、よごれが取れないものは「燃やすごみ」,ま
燃やさないごみ,豆電球,,ま
燃やさないごみ,魔法瓶,,ま
燃やさないごみ,麻雀パイ,,ま
燃やさないごみ,ミキサー・ジューサー,,み
燃やさないごみ,ミシン,足踏み式は、有料事前予約制の「大型ごみ」,み
燃やさないごみ,ミニカー,,み
空カン,ミルクカン,簡単な水洗いをしてください,み
燃やさないごみ,耳かき（プラスチック・金属製）,,み
燃やすごみ,耳かき（竹・木製）,,み
燃やさないごみ,水着,,み
燃やさないごみ,むしろ,小さくたたんで、ひもでしばってください,む
燃やさないごみ,蒸し器,,む
燃やさないごみ,虫カゴ,,む
燃やさないごみ,虫メガネ,,む
燃やすごみ,麦わらぼうし,,む
燃やさないごみ,メガネ,,め
燃やさないごみ,メジャー,,め
燃やさないごみ,モップ,,も
燃やさないごみ,毛筆,,も
燃やさないごみ,毛布,折りたたんで、ひもでしばってください,も
燃やさないごみ,餅つき機,,も
燃やさないごみ,やかん,,や
燃やさないごみ,焼きもの〔陶磁器類〕,,や
燃やすごみ,野菜くず,,や
燃やすごみ,ゆかた,自治会や子ども会の「集団回収」にご協力ください,ゆ
燃やさないごみ,ユニホーム,,ゆ
燃やさないごみ,湯たんぽ,,ゆ
燃やさないごみ,湯のみ,,ゆ
燃やさないごみ,湯沸かし器〔家庭用の小型なもの〕,,ゆ
プラマーク製品,ヨーグルトの容器,簡単な水洗いをしてください。よごれがとれないものは、「燃やすごみ」,よ
燃やさないごみ,ライター〔使い捨て〕,「燃やさないごみ」の日に、中身を使い切り、無色透明・白色半透明の袋に入れ「燃やさないごみ」と分けて出してください,ら
燃やさないごみ,ラケット,,ら
燃やさないごみ,ラジオ,「使用済小型家電」の「拠点回収」にご協力ください　,ら
燃やさないごみ,ラジカセ,「使用済小型家電」の「拠点回収」にご協力ください　,ら
燃やさないごみ,ラップ〔家庭用〕,,ら
プラマーク製品,ラップ〔食品を購入したときのもの〕,簡単な水洗いをしてください。よごれがとれないものは、「燃やすごみ」,ら
燃やさないごみ,ランドセル,,ら
燃やさないごみ,ランリュック,,ら
燃やさないごみ,リール,,り
燃やさないごみ,リコーダー,,り
燃やさないごみ,リモコン,「使用済小型家電」の「拠点回収」にご協力ください　,り
燃やさないごみ,リュックサック,,り
燃やすごみ,料理くず,,り
燃やさないごみ,ルアー,,る
燃やさないごみ,ルーペ,,る
燃やさないごみ,ルームランナー,１ｍをこえるものは、有料事前予約制の「大型ごみ」,る
燃やさないごみ,レインコート,,れ
燃やさないごみ,レコード・プレーヤー,,れ
燃やさないごみ,レザーの衣類・製品,,れ
プラマーク製品,レジ袋,汚れているものは、「燃やすごみ」,れ
プラマーク製品,レトルト食品の袋,簡単な水洗いをしてください。よごれがとれないものは、「燃やすごみ」,れ
燃やすごみ,練炭,,れ
燃やすごみ,ローソク,,ろ
燃やさないごみ,ローラースケート,,ろ
燃やさないごみ,老眼鏡,,ろ
燃やさないごみ,ワープロ,,わ
燃やさないごみ,ワイシャツ,自治会や子ども会の「集団回収」にご協力ください。ボタンやチャックのついている衣類は「燃やさないごみ」,わ
燃やさないごみ,ワゴン,１ｍをこえるものは、有料事前予約制の「大型ごみ」,わ
燃やすごみ,ワッペン,,わ
燃やすごみ,割りばし,,わ
燃やすごみ,綿,,わ
燃やさないごみ,輪ゴム,,わ
燃やすごみ,和服,自治会や子ども会の「集団回収」にご協力ください,わ
